FileName,PercentLackOfCohesion-Real,PercentLackOfCohesion-Predicted,CountLineCode-Real,CountLineCode-Predicted,SumCyclomatic-Real,SumCyclomatic-Predicted,CountDeclMethodAll-Real,CountDeclMethodAll-Predicted
io.realm.annotations.Ignore.csv,0.0,NaN,2.0,NaN,0.0,NaN,0.0,NaN,
io.realm.annotations.RealmClass.csv,0.0,NaN,2.0,NaN,0.0,NaN,0.0,NaN,
io.realm.entities.AllTypes.csv,88.0,88.18572680529878,65.0,66.30008763709095,18.0,18.371453610597584,22.0,22.282073285805936,
io.realm.entities.Dog.csv,86.0,74.15842924272374,57.0,50.70200709772555,16.0,14.163529474308465,20.0,17.749067098924936,
io.realm.examples.encryptionexample.Person.csv,50.0,NaN,15.0,NaN,4.0,NaN,8.0,7.762431027647352,
io.realm.examples.intro.model.Cat.csv,0.0,NaN,9.0,NaN,2.0,NaN,6.0,5.68994167521585,
io.realm.examples.intro.model.Dog.csv,0.0,NaN,9.0,NaN,2.0,NaN,6.0,5.68994167521585,
io.realm.examples.intro.model.Person.csv,80.0,82.05318651154944,37.0,42.47516403080006,10.0,11.368791007700015,14.0,15.124997384657584,
io.realm.examples.realmgridview.City.csv,50.0,NaN,16.0,NaN,4.0,NaN,8.0,7.762431027646424,
io.realm.examples.realmgridview.CityAdapter.csv,66.0,NaN,41.0,NaN,10.0,NaN,6.0,NaN,
io.realm.examples.realmmigrationexample.model.Migration.csv,0.0,NaN,60.0,NaN,14.0,NaN,2.0,NaN,
io.realm.examples.realmmigrationexample.model.Person.csv,66.0,NaN,23.0,NaN,6.0,NaN,10.0,9.757625136737577,
io.realm.examples.realmmigrationexample.model.Pet.csv,50.0,NaN,16.0,NaN,4.0,NaN,8.0,7.762431027646424,
io.realm.exceptions.RealmException.csv,0.0,NaN,8.0,8.661336894925295,2.0,2.2204456316417662,2.0,2.2204456316417662,
io.realm.exceptions.RealmIOException.csv,0.0,NaN,13.0,NaN,4.0,NaN,4.0,NaN,
io.realm.exceptions.RealmMigrationNeededException.csv,0.0,NaN,8.0,7.264510142275427,2.0,1.7548367140918097,2.0,1.7548367140918097,
io.realm.internal.ColumnType.csv,95.0,NaN,60.0,NaN,17.0,NaN,6.0,NaN,
io.realm.internal.Context.csv,67.0,NaN,71.0,NaN,16.0,NaN,8.0,NaN,
io.realm.internal.DefineTable.csv,0.0,NaN,6.0,NaN,4.0,NaN,4.0,NaN,
io.realm.internal.Group.csv,72.0,71.05460531365975,185.0,188.54584876365988,43.0,43.17802550067417,41.0,40.23263081433391,
io.realm.internal.Group.OpenMode.csv,91.0,NaN,9.0,NaN,3.0,NaN,3.0,NaN,
io.realm.internal.IllegalMixedTypeException.csv,0.0,NaN,13.0,NaN,4.0,NaN,4.0,NaN,
io.realm.internal.ImplicitTransaction.csv,12.0,11.955395320835589,44.0,43.632530549974355,11.0,10.826927975112406,49.0,48.26758889223597,
io.realm.internal.IOException.csv,0.0,NaN,13.0,NaN,4.0,NaN,4.0,NaN,
io.realm.internal.JNIBinaryTypeTest.csv,50.0,NaN,14.0,NaN,2.0,NaN,2.0,NaN,
io.realm.internal.JNICloseTest.csv,0.0,NaN,82.0,NaN,17.0,NaN,5.0,NaN,
io.realm.internal.JNIColumnInfoTest.csv,0.0,NaN,22.0,NaN,3.0,NaN,3.0,NaN,
io.realm.internal.JNIDistinctTest.csv,0.0,NaN,56.0,NaN,8.0,NaN,5.0,NaN,
io.realm.internal.JNIGarbageCollectorQueryTest.csv,0.0,NaN,40.0,NaN,8.0,NaN,4.0,NaN,
io.realm.internal.JNIGarbageCollectorSubtableSchemaTest.csv,25.0,NaN,45.0,NaN,8.0,NaN,4.0,NaN,
io.realm.internal.JNIGarbageCollectorTableTest.csv,25.0,NaN,46.0,NaN,8.0,NaN,4.0,NaN,
io.realm.internal.JNIGarbageCollectorTableViewTest.csv,0.0,NaN,40.0,NaN,8.0,NaN,4.0,NaN,
io.realm.internal.JNIImplicitTransactionsTest.csv,0.0,NaN,59.0,62.722649717972644,11.0,11.620441619662081,4.0,4.206813873220691,
io.realm.internal.JNILinkTest.csv,0.0,NaN,46.0,NaN,2.0,NaN,2.0,NaN,
io.realm.internal.JNIMixedSubtableTest.csv,0.0,NaN,38.0,41.66429646737521,12.0,12.135714683976857,2.0,2.135714683976857,
io.realm.internal.JNIMixedTypeTest.csv,28.0,NaN,131.0,NaN,32.0,NaN,7.0,NaN,
io.realm.internal.JNIParameterizedTestExample.csv,50.0,NaN,25.0,NaN,4.0,NaN,4.0,NaN,
io.realm.internal.JNIQueryTest.csv,82.0,NaN,492.0,NaN,307.0,NaN,23.0,NaN,
io.realm.internal.JNIRowTest.csv,0.0,NaN,48.0,NaN,2.0,NaN,2.0,NaN,
io.realm.internal.JNISortedLongTest.csv,25.0,NaN,33.0,NaN,2.0,NaN,2.0,NaN,
io.realm.internal.JNISubtableTest.csv,0.0,NaN,174.0,174.69760212872268,16.0,16.116267021453986,10.0,NaN,
io.realm.internal.JNITableInsertTest.csv,91.0,NaN,228.0,NaN,33.0,NaN,12.0,NaN,
io.realm.internal.JNITableSpecTest.csv,72.0,NaN,141.0,NaN,19.0,NaN,11.0,NaN,
io.realm.internal.JNITableTest.csv,88.0,NaN,326.0,329.45703296609946,84.0,84.06915808536992,26.0,26.12525128174617,
io.realm.internal.JNITestSuite.csv,0.0,NaN,80.0,NaN,19.0,NaN,6.0,NaN,
io.realm.internal.JNITransactions.csv,26.0,24.181554585496638,202.0,227.45823580304733,56.0,59.63689082900623,15.0,16.212296943002215,
io.realm.internal.JNIViewTest.csv,87.0,NaN,327.0,327.3688592632084,84.0,NaN,24.0,NaN,
io.realm.internal.JNI_nativeTests.csv,0.0,NaN,15.0,NaN,4.0,NaN,1.0,NaN,
io.realm.internal.LinkView.csv,79.0,79.12186087896521,65.0,63.65953033138277,13.0,12.756278242069584,24.0,23.756278242069584,
io.realm.internal.Mixed.csv,68.0,NaN,217.0,NaN,78.0,NaN,24.0,NaN,
io.realm.internal.OutOfMemoryError.csv,0.0,NaN,14.0,NaN,4.0,NaN,4.0,NaN,
io.realm.internal.PivotTest.csv,0.0,NaN,45.0,NaN,9.0,NaN,3.0,NaN,
io.realm.internal.ReadTransaction.csv,25.0,NaN,15.0,NaN,4.0,NaN,45.0,44.1860329274444,
io.realm.internal.Row.csv,74.0,73.06887864291234,162.0,165.31136719443833,38.0,36.785826971090046,60.0,59.24423447565787,
io.realm.internal.SharedGroup.csv,78.0,78.0044010862385,172.0,171.94266281789112,34.0,33.81665035523872,38.0,37.84840647185814,
io.realm.internal.SharedGroup.Durability.csv,88.0,NaN,8.0,NaN,3.0,NaN,3.0,NaN,
io.realm.internal.SubtableSchema.csv,44.0,NaN,39.0,NaN,8.0,NaN,9.0,NaN,
io.realm.internal.Table.csv,92.0,95.05599870869777,851.0,943.1307016580263,168.0,190.18714894783895,213.0,223.17235172347074,
io.realm.internal.Table.InternalMethods.csv,0.0,NaN,46.0,NaN,11.0,NaN,10.0,NaN,
io.realm.internal.TableIndexAndDistinctTest.csv,16.0,NaN,68.0,NaN,9.0,NaN,6.0,NaN,
io.realm.internal.TableOrView.csv,0.0,71.05378845196081,85.0,86.7146563241051,72.0,73.00411843958612,72.0,73.00411843958612,
io.realm.internal.TableOrView.PivotType.csv,94.0,NaN,11.0,NaN,3.0,NaN,3.0,NaN,
io.realm.internal.TableQuery.csv,84.0,NaN,523.0,526.9238056659749,113.0,113.65396761099831,146.0,147.30793522199662,
io.realm.internal.TableSchema.csv,0.0,NaN,6.0,NaN,4.0,NaN,4.0,NaN,
io.realm.internal.TableSpec.ColumnInfo.csv,9.0,NaN,109.0,NaN,22.0,NaN,11.0,NaN,
io.realm.internal.TableSpec.csv,0.0,NaN,42.0,NaN,17.0,NaN,3.0,NaN,
io.realm.internal.TableSpecEqualityTest.csv,0.0,NaN,59.0,NaN,5.0,NaN,5.0,NaN,
io.realm.internal.TableView.csv,81.0,NaN,482.0,486.98403539996684,109.0,110.55741142529209,148.0,149.1052265773728,
io.realm.internal.TableView.Order.csv,100.0,NaN,1.0,NaN,2.0,NaN,2.0,NaN,
io.realm.internal.test.CodeGenTest.csv,0.0,NaN,7.0,NaN,0.0,NaN,0.0,NaN,
io.realm.internal.test.CodeGenTest.someModel.csv,0.0,NaN,4.0,NaN,0.0,NaN,0.0,NaN,
io.realm.internal.test.ColumnTypeData.csv,0.0,NaN,6.0,NaN,1.0,NaN,1.0,NaN,
io.realm.internal.test.DataProviderUtil.csv,0.0,NaN,6.0,NaN,1.0,NaN,1.0,NaN,
io.realm.internal.test.EmployeeData.csv,0.0,NaN,42.0,NaN,10.0,NaN,2.0,NaN,
io.realm.internal.test.EmployeesFixture.csv,50.0,NaN,17.0,NaN,2.0,NaN,1.0,NaN,
io.realm.internal.test.ExtraTests.ArrayComparisonFailure.csv,0.0,NaN,101.0,101.40211764298346,4.0,4.201058821491731,3.0,3.201058821491731,
io.realm.internal.test.ExtraTests.ComparisonCriteria.csv,62.0,NaN,31.0,NaN,6.0,NaN,4.0,NaN,
io.realm.internal.test.ExtraTests.csv,0.0,NaN,46.0,NaN,13.0,NaN,4.0,NaN,
io.realm.internal.test.ExtraTests.ExactComparisonCriteria.csv,0.0,NaN,5.0,NaN,1.0,NaN,5.0,NaN,
io.realm.internal.test.MixedData.csv,0.0,NaN,12.0,NaN,2.0,NaN,2.0,NaN,
io.realm.internal.test.PhoneData.csv,0.0,NaN,8.0,NaN,1.0,NaN,1.0,NaN,
io.realm.internal.test.TestHelper.csv,0.0,NaN,32.0,40.59513375716073,9.0,9.61393812551147,2.0,2.6139381255114706,
io.realm.internal.test.TestTableModel.AllTypes.csv,0.0,NaN,12.0,NaN,0.0,NaN,0.0,NaN,
io.realm.internal.test.TestTableModel.Car.csv,0.0,NaN,50.0,NaN,0.0,NaN,0.0,NaN,
io.realm.internal.test.TestTableModel.csv,0.0,NaN,5.0,NaN,0.0,NaN,0.0,NaN,
io.realm.internal.test.TestTableModel.TestEmployee.csv,0.0,NaN,10.0,NaN,0.0,NaN,0.0,NaN,
io.realm.internal.test.TestTableModel.TestNumbers.csv,0.0,NaN,5.0,NaN,0.0,NaN,0.0,NaN,
io.realm.internal.test.TestTableModel.TestPhone.csv,0.0,NaN,4.0,NaN,0.0,NaN,0.0,NaN,
io.realm.internal.test.TestTableModel.TestQueryTable.csv,0.0,NaN,6.0,NaN,0.0,NaN,0.0,NaN,
io.realm.internal.test.TestValue.csv,0.0,NaN,6.0,NaN,1.0,NaN,1.0,NaN,
io.realm.internal.test.VariationsIterator.csv,55.0,NaN,42.0,NaN,10.0,NaN,5.0,NaN,
io.realm.internal.test.VariationsIterator.T.csv,0.0,NaN,0.0,NaN,0.0,NaN,0.0,NaN,
io.realm.internal.TightDB.csv,93.0,NaN,125.0,NaN,25.0,NaN,12.0,NaN,
io.realm.internal.TightDB.gcOnExit.(Anon_1).csv,0.0,NaN,5.0,NaN,1.0,NaN,1.0,NaN,
io.realm.internal.Util.csv,0.0,NaN,50.0,49.627389757922046,5.0,NaN,7.0,NaN,
io.realm.internal.Util.Testcase.csv,96.0,95.5831535105983,27.0,26.58315351059829,5.0,NaN,5.0,NaN,
io.realm.internal.Version.csv,87.0,NaN,51.0,NaN,8.0,NaN,8.0,NaN,
io.realm.internal.Version.Feature.csv,88.0,NaN,10.0,NaN,3.0,NaN,3.0,NaN,
io.realm.internal.WriteTransaction.csv,40.0,NaN,28.0,NaN,7.0,NaN,46.0,45.186023662361556,
io.realm.processor.RealmProcessor.csv,85.0,73.66797864132886,215.0,181.17315810608713,55.0,44.4696781540642,7.0,5.151099123934973,
io.realm.processor.RealmProxyClassGenerator.csv,73.0,69.51844571735697,574.0,615.5915092585968,56.0,54.491243677949726,16.0,17.47189408365411,
io.realm.processor.RealmValidationListGenerator.csv,60.0,54.47708247740096,50.0,49.30963530967512,6.0,NaN,3.0,NaN,
io.realm.processor.RealmVersionChecker.csv,66.0,68.02896007379796,47.0,48.03094422418651,8.0,8.424338134858244,5.0,5.162444535764495,
io.realm.processor.RealmVersionChecker.executeRealmVersionUpdate.(Anon_1).csv,0.0,NaN,5.0,NaN,1.0,NaN,1.0,NaN,
io.realm.Realm.allObjects.E.csv,0.0,NaN,0.0,NaN,0.0,NaN,0.0,NaN,
io.realm.Realm.createObject.E.csv,95.0,95.43641851010457,748.0,956.7831595833821,164.0,212.41265235022243,67.0,79.5862860196899,
io.realm.Realm.csv,0.0,NaN,0.0,NaN,0.0,NaN,0.0,NaN,
io.realm.Realm.get.E.csv,0.0,NaN,0.0,NaN,0.0,NaN,0.0,NaN,
io.realm.Realm.remove.E.csv,0.0,NaN,0.0,NaN,0.0,NaN,0.0,NaN,
io.realm.Realm.where.E.csv,0.0,NaN,0.0,NaN,0.0,NaN,0.0,NaN,
io.realm.RealmChangeListener.csv,0.0,NaN,3.0,NaN,1.0,NaN,1.0,NaN,
io.realm.RealmList.csv,64.0,62.50576466695874,153.0,160.96573817853715,36.0,39.85755235916662,16.0,17.058458808968776,
io.realm.RealmList.E.csv,0.0,NaN,0.0,NaN,0.0,NaN,0.0,NaN,
io.realm.RealmMigration.csv,0.0,NaN,3.0,NaN,1.0,NaN,1.0,NaN,
io.realm.RealmObject.csv,62.0,67.18658654345442,22.0,19.711160534995603,6.0,5.237053511665203,4.0,4.085066619117198,
io.realm.RealmObjectTest.csv,79.0,87.51154874038187,381.0,447.45485707979054,53.0,63.102410432945874,29.0,33.86952741992357,
io.realm.RealmQuery.csv,81.0,79.34088077430572,520.0,458.18891604282834,119.0,103.33528484690213,83.0,78.21710793941249,
io.realm.RealmQuery.E.csv,0.0,NaN,0.0,NaN,0.0,NaN,0.0,NaN,
io.realm.RealmResults.csv,83.0,83.34489439097355,302.0,325.58891322464905,62.0,61.65962770628963,31.0,31.985161326038927,
io.realm.RealmResults.E.csv,0.0,NaN,0.0,NaN,0.0,NaN,0.0,NaN,
io.realm.RealmResultsTest.csv,83.0,76.479415837908,554.0,533.4540401311194,40.0,40.438973417187185,34.0,35.02640941588933,
io.realm.RealmTest.csv,82.0,88.7369992836848,741.0,1137.9300339997894,76.0,87.22424759061992,37.0,44.15825032893876,
