FileName,PercentLackOfCohesion-Real,PercentLackOfCohesion-Predicted,CountLineCode-Real,CountLineCode-Predicted,SumCyclomatic-Real,SumCyclomatic-Predicted,CountDeclMethodAll-Real,CountDeclMethodAll-Predicted
org.jfree.chart.annotations.CategoryAnnotation.csv,0.0,NaN,4.0,NaN,1.0,NaN,1.0,NaN,
org.jfree.chart.annotations.CategoryTextAnnotation.csv,59.0,62.23877892318057,106.0,129.76279596557166,22.0,27.59914074926278,40.0,44.03275027575234,
org.jfree.chart.annotations.TextAnnotation.csv,81.0,82.61057705448074,123.0,145.94397194097303,30.0,36.310266488903885,29.0,31.50986439698111,
org.jfree.chart.annotations.XYAnnotation.csv,0.0,NaN,6.0,6.965255389056651,1.0,NaN,1.0,NaN,
org.jfree.chart.annotations.XYDrawableAnnotation.csv,47.0,43.55119281744328,105.0,111.41160204272583,17.0,19.595365221692727,27.0,30.40242773133798,
org.jfree.chart.annotations.XYLineAnnotation.csv,53.0,78.74178714726304,133.0,184.353621366288,23.0,31.955649006665634,29.0,35.549693202192785,
org.jfree.chart.annotations.XYPointerAnnotation.csv,82.0,83.4840096955346,205.0,226.77239127050834,38.0,43.288337564413666,67.0,72.14630177910341,
org.jfree.chart.annotations.XYTextAnnotation.csv,84.0,106.87304689973021,189.0,248.37183676529105,42.0,54.073744710185935,44.0,50.173299123408924,
org.jfree.chart.axis.Axis.csv,95.0,95.81808695685021,556.0,585.9350183271057,125.0,125.96422099084086,76.0,72.44906340284825,
org.jfree.chart.axis.AxisLocation.csv,69.0,65.12227987896738,71.0,86.27108093682946,18.0,21.30844020701882,18.0,18.497757891272713,
org.jfree.chart.axis.AxisSpace.csv,49.0,51.623985377830486,181.0,188.61058167631543,44.0,46.149349711820925,31.0,31.500113253471643,
org.jfree.chart.axis.CategoryAnchor.csv,70.0,69.97230145277989,41.0,45.008417609847825,10.0,10.848438288782976,16.0,16.212109572195743,
org.jfree.chart.axis.CategoryAxis.csv,91.0,93.51519530328612,644.0,739.4268780127138,127.0,145.4834771470188,125.0,131.67741611208382,
org.jfree.chart.axis.CategoryAxis3D.csv,100.0,136.91105003604375,86.0,105.18594508961638,15.0,16.93225913399706,130.0,129.10644415527614,
org.jfree.chart.axis.ColorBar.csv,79.0,79.94775261263861,212.0,228.24789459831035,40.0,41.76316299685624,29.0,29.377076970313276,
org.jfree.chart.axis.DateAxis.csv,92.0,92.94531727357231,1039.0,1152.272344612988,161.0,169.07404394674168,197.0,208.23890520147503,
org.jfree.chart.axis.DateAxis.DefaultTimeline.csv,0.0,NaN,35.0,37.404238988957864,11.0,11.80141299631931,20.0,20.20035324907983,
org.jfree.chart.axis.DateTickMarkPosition.csv,70.0,64.95518134654097,41.0,47.35598850523468,10.0,12.051109236526086,16.0,16.512777309131522,
org.jfree.chart.axis.DateTickUnit.csv,85.0,87.63918635991408,153.0,183.71706109210194,40.0,43.88967170319649,39.0,40.878795534663794,
org.jfree.chart.axis.junit.AxisPackageTests.csv,0.0,NaN,47.0,56.36680374183378,3.0,3.3766404871000066,15.0,15.376640487100007,
org.jfree.chart.axis.junit.DateAxisTests.csv,0.0,NaN,749.0,783.6691514496664,27.0,30.504931936902153,37.0,39.80723057212426,
org.jfree.chart.axis.junit.DateTickUnitTests.csv,0.0,NaN,39.0,46.78639294047286,6.0,7.0353701316554345,17.0,18.035370131655434,
org.jfree.chart.axis.LogarithmicAxis.csv,86.0,87.1671690067635,547.0,591.6369177193236,114.0,118.75659727020293,212.0,213.78461839826087,
org.jfree.chart.axis.MarkerAxisBand.csv,50.0,52.84929416798397,122.0,131.88077883942952,18.0,20.123760733736862,19.0,19.237441180665314,
org.jfree.chart.axis.NumberAxis.csv,93.0,93.93943823916784,751.0,780.7337983629676,109.0,113.04538685833654,184.0,195.8697598930212,
org.jfree.chart.axis.NumberAxis3D.csv,100.0,129.08697263065585,48.0,37.69555790282084,8.0,4.470450404885118,187.0,187.62516570522126,
org.jfree.chart.axis.NumberTickUnit.csv,64.0,76.96905562188702,50.0,59.320001214029475,14.0,17.071682299371247,27.0,27.73219250248201,
org.jfree.chart.axis.SegmentedTimeline.BaseTimelineSegmentRange.csv,94.0,NaN,640.0,680.5809839597018,84.0,86.38468412719276,57.0,58.803696753285905,
org.jfree.chart.axis.SegmentedTimeline.csv,0.0,NaN,5.0,5.308435372015553,1.0,NaN,48.0,48.17276321034885,
org.jfree.chart.axis.SegmentedTimeline.Segment.csv,68.0,67.51568409283792,151.0,156.199313010125,37.0,37.599440831529066,41.0,41.38904113525145,
org.jfree.chart.axis.SegmentedTimeline.SegmentRange.csv,66.0,NaN,49.0,49.27881279124043,11.0,10.772901223824167,47.0,47.40936001740237,
org.jfree.chart.axis.Tick.csv,67.0,65.90740640861759,63.0,74.62684184742896,16.0,19.858699677149676,20.0,21.03895321637063,
org.jfree.chart.axis.TickUnit.csv,62.0,80.56539531931267,59.0,60.628484348947985,16.0,16.708714724519197,20.0,20.328487101401194,
org.jfree.chart.axis.TickUnits.csv,55.0,50.19140633504309,61.0,42.80414215695388,14.0,17.437553609978053,21.0,22.147554093288235,
org.jfree.chart.axis.Timeline.csv,0.0,NaN,9.0,NaN,7.0,NaN,7.0,NaN,
org.jfree.chart.axis.ValueAxis.csv,95.0,94.84182116309574,714.0,914.0573777820026,161.0,201.04928893566301,146.0,154.4780717234037,
org.jfree.chart.ChartColor.csv,50.0,NaN,67.0,66.93949358030008,2.0,NaN,50.0,NaN,
org.jfree.chart.ChartFactory.csv,0.0,NaN,1132.0,1270.819183566193,156.0,178.42078924321916,52.0,53.56015859398676,
org.jfree.chart.ChartFrame.csv,33.0,NaN,20.0,NaN,4.0,NaN,725.0,NaN,
org.jfree.chart.ChartMouseEvent.csv,62.0,67.11153606545282,22.0,23.392437371722288,4.0,NaN,19.0,20.621544082440185,
org.jfree.chart.ChartMouseListener.csv,0.0,NaN,4.0,NaN,2.0,NaN,2.0,NaN,
org.jfree.chart.ChartPanel.csv,96.0,97.00720549354944,1215.0,1371.8741860262521,226.0,245.5089032792481,800.0,811.6543238624747,
org.jfree.chart.ChartRenderingInfo.csv,62.0,65.05124494931856,75.0,87.10464656531832,20.0,23.235046444733037,24.0,25.204204166463256,
org.jfree.chart.ChartUtilities.csv,0.0,-26.875131392365528,246.0,286.4521090997073,44.0,51.548142312031146,39.0,40.26685495308208,
org.jfree.chart.ClipPath.csv,80.0,NaN,155.0,163.29710685286514,32.0,32.51347259197402,37.0,37.51347259197402,
org.jfree.chart.DrawableLegendItem.csv,86.0,87.77412190363144,64.0,70.74083463297505,17.0,18.860165509850965,29.0,30.860165509850965,
org.jfree.chart.Effect3D.csv,0.0,NaN,4.0,NaN,2.0,NaN,2.0,NaN,
org.jfree.chart.entity.CategoryItemEntity.csv,66.0,70.65417973536483,111.0,120.14914196662971,27.0,30.199863239492647,48.0,50.5335840389971,
org.jfree.chart.entity.ChartEntity.csv,73.0,75.27039099419457,170.0,204.53140830134643,41.0,49.98595785915512,32.0,34.24208851714629,
org.jfree.chart.entity.ContourEntity.csv,75.0,86.97912399270233,33.0,43.51207402089695,9.0,11.985545031712737,38.0,41.418717095525594,
org.jfree.chart.entity.EntityCollection.csv,0.0,NaN,10.0,12.215340139091419,8.0,10.215340139091419,8.0,10.215340139091419,
org.jfree.chart.entity.LegendItemEntity.csv,72.0,86.095023925133,54.0,63.68402170808799,15.0,17.859346592708597,42.0,45.672155346016666,
org.jfree.chart.entity.PieSectionEntity.csv,65.0,69.6365568017748,75.0,69.76030695577126,18.0,16.51114048558933,44.0,45.465722103510096,
org.jfree.chart.entity.StandardEntityCollection.csv,50.0,74.17171355364378,62.0,78.91497983903719,17.0,22.270862566908715,23.0,26.592665482287828,
org.jfree.chart.entity.XYItemEntity.csv,69.0,79.89474985348599,52.0,62.891547703078906,13.0,16.38319059757606,41.0,44.13275700241415,
org.jfree.chart.event.AxisChangeEvent.csv,0.0,NaN,10.0,NaN,2.0,NaN,24.0,NaN,
org.jfree.chart.event.AxisChangeListener.csv,0.0,NaN,3.0,NaN,1.0,NaN,1.0,NaN,
org.jfree.chart.event.ChartChangeEvent.csv,57.0,54.49292864798222,28.0,27.74929286479825,7.0,NaN,22.0,NaN,
org.jfree.chart.event.ChartChangeListener.csv,0.0,NaN,3.0,NaN,1.0,NaN,1.0,NaN,
org.jfree.chart.event.ChartProgressEvent.csv,77.0,NaN,31.0,31.465757523262962,7.0,NaN,22.0,NaN,
org.jfree.chart.event.ChartProgressListener.csv,0.0,NaN,3.0,NaN,1.0,NaN,1.0,NaN,
org.jfree.chart.event.PlotChangeEvent.csv,0.0,NaN,10.0,NaN,2.0,NaN,24.0,NaN,
org.jfree.chart.event.PlotChangeListener.csv,0.0,NaN,3.0,NaN,1.0,NaN,1.0,NaN,
org.jfree.chart.event.TitleChangeEvent.csv,0.0,NaN,10.0,NaN,2.0,NaN,24.0,NaN,
org.jfree.chart.event.TitleChangeListener.csv,0.0,NaN,3.0,NaN,1.0,NaN,1.0,NaN,
org.jfree.chart.JFreeChart.csv,92.0,93.56324372818494,698.0,809.473246004851,158.0,178.99319595968217,82.0,87.34234900033795,
org.jfree.chart.JFreeChartInfo.csv,0.0,NaN,127.0,132.79285339461802,4.0,NaN,14.0,NaN,
org.jfree.chart.junit.ChartPackageTests.csv,0.0,NaN,35.0,33.39580011232833,1.0,0.5040234772085732,13.0,12.504023477208573,
org.jfree.chart.junit.JFreeChartTests.csv,84.0,94.24736640908812,348.0,378.1702147944224,26.0,26.3873744193898,28.0,28.3045233031204,
org.jfree.chart.junit.JFreeChartTestSuite.csv,0.0,NaN,30.0,35.10441116822221,2.0,1.922778897888687,14.0,13.922778897888687,
org.jfree.chart.junit.PieChartTests.csv,60.0,NaN,38.0,38.17623465212104,5.0,NaN,17.0,NaN,
org.jfree.chart.junit.PieChartTests.LocalListener.csv,0.0,NaN,5.0,NaN,1.0,NaN,13.0,NaN,
org.jfree.chart.junit.ScatterPlotTests.csv,42.0,40.9881416936626,78.0,80.13423826227105,8.0,8.126482288292175,19.0,19.126482288292177,
org.jfree.chart.junit.ScatterPlotTests.LocalListener.csv,0.0,NaN,5.0,NaN,1.0,NaN,13.0,NaN,
org.jfree.chart.labels.ContourToolTipGenerator.csv,0.0,NaN,3.0,NaN,1.0,NaN,1.0,NaN,
org.jfree.chart.labels.CustomXYToolTipGenerator.csv,68.0,77.69513142503088,68.0,71.72509713698776,18.0,18.070876418680864,20.0,20.208636849195408,
org.jfree.chart.labels.StandardContourToolTipGenerator.csv,50.0,58.068246323571834,47.0,46.86483078869676,7.0,6.609685541405501,14.0,NaN,
org.jfree.chart.labels.XYToolTipGenerator.csv,0.0,NaN,3.0,NaN,1.0,NaN,1.0,NaN,
org.jfree.chart.LegendItem.csv,90.0,102.28528647711818,422.0,561.4443337689271,89.0,111.18462898773278,60.0,68.53284490996415,
org.jfree.chart.LegendItemCollection.csv,50.0,76.16053581372066,40.0,45.89508011605902,11.0,13.048868044948522,20.0,20.81954721797941,
org.jfree.chart.needle.ArrowNeedle.csv,60.0,80.74182841515277,68.0,76.36059151416907,12.0,14.526257969495083,43.0,44.901616135014606,
org.jfree.chart.needle.LineNeedle.csv,100.0,136.38406280549833,31.0,39.50378428759523,7.0,9.500940333723058,42.0,43.81061230199363,
org.jfree.chart.needle.LongNeedle.csv,100.0,136.4000684793574,77.0,89.97424824929135,12.0,14.49787992928844,43.0,44.80572195896204,
org.jfree.chart.needle.MeterNeedle.csv,80.0,78.50647519970892,161.0,179.37269913702454,41.0,45.58647586825752,38.0,39.233193758836194,
org.jfree.chart.needle.PinNeedle.csv,100.0,133.77770552956824,48.0,55.686595068959136,9.0,11.231865362255201,42.0,43.86065321755607,
org.jfree.chart.needle.PlumNeedle.csv,100.0,134.60809735679996,41.0,48.67285512504023,8.0,10.241753202700883,42.0,43.88145764532839,
org.jfree.chart.needle.PointerNeedle.csv,100.0,134.62797390129924,60.0,67.69002079215441,11.0,13.247156618741592,42.0,43.878885727517094,
org.jfree.chart.needle.ShipNeedle.csv,100.0,134.32522861759574,39.0,47.34297845293253,8.0,10.213391482082434,42.0,43.851605292768866,
org.jfree.chart.needle.WindNeedle.csv,100.0,134.67257938779048,38.0,46.203725975256745,8.0,9.921362184269842,47.0,49.01715644811265,
org.jfree.chart.plot.CategoryPlot.csv,97.0,96.86311643057628,2139.0,2143.307551176592,517.0,516.4796020531248,270.0,266.7280671504592,
org.jfree.chart.plot.CombinedDomainCategoryPlot.csv,78.0,82.74803306271122,327.0,360.07740294775147,73.0,80.22959472168282,294.0,278.07719568949005,
org.jfree.chart.plot.CombinedDomainXYPlot.csv,79.0,81.47352027727716,321.0,352.12888538918884,72.0,79.67416175694369,316.0,299.8994304399798,
org.jfree.chart.plot.CombinedRangeCategoryPlot.csv,73.0,78.53768097219101,272.0,304.04543749644597,61.0,68.5001605624461,289.0,273.7633718678073,
org.jfree.chart.plot.CombinedRangeXYPlot.csv,78.0,79.28912208015302,307.0,328.5350058734471,68.0,72.6368518925155,315.0,299.90582204045234,
org.jfree.chart.plot.CompassPlot.csv,90.0,88.90997311853515,408.0,444.443114199421,89.0,97.3959227964049,109.0,109.91927773414808,
org.jfree.chart.plot.ContourPlot.csv,96.0,96.10876494278413,850.0,880.2595319024226,174.0,175.36767347379757,154.0,153.79446666396234,
org.jfree.chart.plot.ContourPlotUtilities.csv,0.0,NaN,7.0,6.305144949548292,1.0,0.7683816498494314,13.0,12.768381649849431,
org.jfree.chart.plot.ContourValuePlot.csv,0.0,NaN,3.0,2.7688599689024453,1.0,0.7688599689024453,1.0,0.7688599689024453,
org.jfree.chart.plot.DatasetRenderingOrder.csv,70.0,71.67958305461401,39.0,39.5414835770914,10.0,10.050196325212074,17.0,16.71737409516038,
org.jfree.chart.plot.DefaultDrawingSupplier.csv,84.0,84.62776538999583,250.0,263.9796584606886,44.0,48.66315262499929,29.0,29.122324919428138,
org.jfree.chart.plot.DrawingSupplier.csv,0.0,NaN,8.0,8.030016716351874,6.0,6.030016716351874,6.0,6.030016716351874,
org.jfree.chart.plot.FastScatterPlot.csv,88.0,92.49958277627455,417.0,545.9676573523403,94.0,121.59891379453242,118.0,130.1277998595045,
org.jfree.chart.plot.JThermometer.csv,77.0,81.0687275635523,131.0,148.46384640411168,35.0,38.79477207663503,724.0,727.7947720766557,
org.jfree.chart.plot.junit.CompassPlotTests.csv,0.0,NaN,80.0,97.23345479820318,7.0,8.27602963180881,17.0,17.92501741285502,
org.jfree.chart.plot.junit.ContourPlotTests.csv,0.0,NaN,27.0,27.77139634538241,4.0,NaN,15.0,NaN,
org.jfree.chart.plot.junit.FastScatterPlotTests.csv,0.0,NaN,114.0,147.09146829300957,11.0,12.748709811029752,19.0,20.152999312932323,
org.jfree.chart.plot.junit.MeterPlotTests.csv,0.0,NaN,163.0,227.720722407838,9.0,11.638466483477062,18.0,19.612655317657445,
org.jfree.chart.plot.junit.PiePlotTests.csv,0.0,NaN,425.0,573.1986122921195,22.0,26.894828771429925,25.0,27.995237751772294,
org.jfree.chart.plot.junit.PlotPackageTests.csv,0.0,NaN,40.0,47.63346284662332,3.0,3.4363371522094397,15.0,15.43633715220944,
org.jfree.chart.plot.junit.ThermometerPlotTests.csv,0.0,NaN,146.0,177.84942193095506,10.0,10.547684735531705,19.0,19.536723433339077,
org.jfree.chart.plot.junit.XYPlotTests.csv,0.0,NaN,779.0,921.735810227916,49.0,54.2297845706663,41.0,45.23066014252603,
org.jfree.chart.plot.MeterPlot.csv,92.0,91.33199310386588,616.0,713.407812347687,124.0,146.6335150502924,130.0,137.20448200834997,
org.jfree.chart.plot.PiePlot.csv,96.0,95.29025104584943,1526.0,1486.628500951726,307.0,291.3763125839024,215.0,216.85854516540329,
org.jfree.chart.plot.Plot.csv,94.0,94.27799469280163,571.0,602.64005903608,150.0,160.25980418618812,75.0,75.0221476248098,
org.jfree.chart.plot.PlotOrientation.csv,70.0,72.87342939416254,40.0,40.02589190630069,10.0,9.906624631030166,17.0,16.906624631030166,
org.jfree.chart.plot.ThermometerPlot.csv,96.0,95.8464817476953,750.0,805.3576706174035,165.0,175.21950949153882,152.0,152.6553008595281,
org.jfree.chart.plot.ValueAxisPlot.csv,0.0,NaN,3.0,2.8404041669445186,1.0,0.8404041669445186,1.0,0.8404041669445186,
org.jfree.chart.plot.XYPlot.csv,97.0,97.04348800666132,2633.0,2830.406494433807,620.0,662.0852585449907,291.0,294.1195916195335,
org.jfree.chart.renderer.AbstractRenderer.csv,97.0,98.17168541051737,1454.0,1775.361003334789,384.0,469.42508578946996,199.0,224.63407611129452,
org.jfree.chart.renderer.junit.RendererPackageTests.csv,0.0,NaN,16.0,10.404983166512325,2.0,NaN,14.0,NaN,
org.jfree.chart.renderer.NotOutlierException.csv,0.0,NaN,5.0,NaN,1.0,NaN,44.0,NaN,
org.jfree.chart.renderer.Outlier.csv,59.0,59.6591576579622,65.0,63.10074216866805,17.0,16.309197874932856,23.0,22.890140390339564,
org.jfree.chart.renderer.OutlierList.csv,70.0,69.77793512171358,47.0,49.16811886432076,11.0,11.444129756572835,21.0,3.012744858800175,
org.jfree.chart.renderer.OutlierListCollection.csv,70.0,74.0626729216445,49.0,50.85714630244338,12.0,12.60940093824663,20.0,3.9524419595054323,
org.jfree.chart.resources.JFreeChartResources.csv,0.0,NaN,12.0,NaN,1.0,NaN,51.0,NaN,
org.jfree.chart.servlet.ChartDeleter.csv,40.0,NaN,28.0,29.68059814679386,7.0,NaN,17.0,NaN,
org.jfree.chart.servlet.DisplayChart.csv,0.0,NaN,49.0,54.179269754984645,11.0,11.923306236067688,15.0,NaN,
org.jfree.chart.servlet.ServletUtilities.csv,71.0,113.79982852870403,168.0,201.24886365078538,35.0,41.704145129365585,26.0,28.391120396929814,
org.jfree.chart.urls.CategoryURLGenerator.csv,0.0,NaN,4.0,3.8005419745603275,1.0,0.9367051427262558,1.0,0.9367051427262558,
org.jfree.chart.urls.CustomXYURLGenerator.csv,68.0,80.92847440183493,80.0,86.1835011297247,22.0,24.350784914404517,20.0,19.67961992274774,
org.jfree.chart.urls.junit.CustomXYURLGeneratorTests.csv,0.0,NaN,96.0,95.28134391288465,9.0,8.875835260088808,19.0,18.90066820807105,
org.jfree.chart.urls.junit.StandardPieURLGeneratorTests.csv,0.0,NaN,68.0,76.0553907007237,7.0,7.296152377732955,18.0,18.29615237773297,
org.jfree.chart.urls.junit.UrlsPackageTests.csv,0.0,NaN,19.0,20.496077097321667,3.0,3.4219237269035885,15.0,15.42192372690359,
org.jfree.chart.urls.PieURLGenerator.csv,0.0,NaN,3.0,NaN,1.0,NaN,1.0,NaN,
org.jfree.chart.urls.StandardCategoryURLGenerator.csv,53.0,57.84807857249799,82.0,114.68681238415513,20.0,28.485117757617342,19.0,20.638144626450853,
org.jfree.chart.urls.StandardPieURLGenerator.csv,62.0,77.51388843691953,67.0,79.04562385880035,15.0,16.945311066608316,18.0,18.733364302389916,
org.jfree.chart.urls.StandardXYURLGenerator.csv,60.0,67.82357450614873,62.0,83.56984774296255,14.0,18.997156831179737,17.0,17.615220906529593,
org.jfree.chart.urls.StandardXYZURLGenerator.csv,0.0,NaN,6.0,NaN,1.0,NaN,18.0,18.6436404508738,
org.jfree.chart.urls.TimeSeriesURLGenerator.csv,60.0,67.67514167664575,82.0,89.62615599206046,21.0,22.813842023062865,20.0,20.60461400768761,
org.jfree.chart.urls.XYURLGenerator.csv,0.0,NaN,3.0,NaN,1.0,NaN,1.0,NaN,
org.jfree.chart.urls.XYZURLGenerator.csv,0.0,NaN,3.0,NaN,1.0,NaN,2.0,NaN,
org.jfree.data.DefaultKeyedValue.csv,54.0,66.00474380037525,52.0,56.103537688109085,16.0,18.977263805999534,20.0,21.061778536452927,
org.jfree.data.DefaultKeyedValues.csv,68.0,86.57727572340556,190.0,200.08211433671335,46.0,50.316296651240236,34.0,36.54396974397427,
org.jfree.data.DefaultKeyedValues2D.csv,67.0,70.03150300971373,252.0,302.7356629011571,62.0,72.33620338868366,35.0,37.53209087083432,
org.jfree.data.DomainInfo.csv,0.0,NaN,5.0,5.0647425541172515,3.0,3.0647425541172533,3.0,3.0647425541172533,
org.jfree.data.junit.DataPackageTests.csv,0.0,NaN,25.0,28.946623396170352,3.0,3.4522436377888464,15.0,15.452243637788847,
org.jfree.data.junit.DefaultKeyedValues2DTests.csv,87.0,107.13939744160355,216.0,256.2062623033104,26.0,30.614700120692707,28.0,30.717129869763294,
org.jfree.data.junit.DefaultKeyedValuesTests.csv,0.0,NaN,316.0,364.10012218014066,31.0,37.076635546826864,33.0,35.5593182474851,
org.jfree.data.junit.DefaultKeyedValueTests.csv,0.0,NaN,68.0,77.25552257419665,9.0,9.706400643916936,18.0,18.643016967781175,
org.jfree.data.KeyedObject.csv,55.0,64.03543093690088,42.0,58.31793340855642,11.0,15.604762775382765,18.0,19.315564596459318,
org.jfree.data.KeyedObjects.csv,62.0,78.23756021808137,151.0,177.74569075385844,39.0,46.475443251733246,28.0,28.627790373573255,
org.jfree.data.KeyedObjects2D.csv,60.0,65.45706495054331,252.0,272.1439271814124,62.0,67.6914576601707,34.0,35.69721117607682,
org.jfree.data.KeyedValue.csv,0.0,NaN,3.0,NaN,1.0,NaN,2.0,NaN,
org.jfree.data.KeyedValueComparator.csv,25.0,37.01509204581453,81.0,84.30645094126638,19.0,20.44181104549776,16.0,16.96120736366516,
org.jfree.data.KeyedValueComparatorType.csv,66.0,NaN,29.0,30.9869068384087,7.0,7.66230227946953,16.0,16.66230227946953,
org.jfree.data.KeyedValues.csv,0.0,NaN,6.0,NaN,4.0,NaN,6.0,NaN,
org.jfree.data.KeyedValues2D.csv,0.0,NaN,9.0,NaN,7.0,NaN,10.0,NaN,
org.jfree.data.Range.csv,64.0,78.44304912762769,161.0,213.2491026333185,40.0,51.340638921009386,31.0,36.158446305910815,
org.jfree.data.RangeInfo.csv,0.0,NaN,5.0,5.0647425541172515,3.0,3.0647425541172533,3.0,3.0647425541172533,
org.jfree.data.resources.DataPackageResources.csv,0.0,NaN,9.0,NaN,1.0,NaN,51.0,NaN,
org.jfree.data.resources.DataPackageResources_de.csv,0.0,NaN,9.0,NaN,1.0,NaN,51.0,NaN,
org.jfree.data.resources.DataPackageResources_es.csv,0.0,NaN,9.0,NaN,1.0,NaN,51.0,NaN,
org.jfree.data.resources.DataPackageResources_fr.csv,0.0,NaN,9.0,NaN,1.0,NaN,51.0,NaN,
org.jfree.data.resources.DataPackageResources_pl.csv,0.0,NaN,9.0,NaN,1.0,NaN,51.0,NaN,
org.jfree.data.time.Day.csv,87.0,88.4799540074038,159.0,164.06431105971183,34.0,36.535093162136945,52.0,54.35931231465083,
org.jfree.data.time.DynamicTimeSeriesCollection.csv,91.0,NaN,387.0,402.08122393955676,88.0,92.2922601059642,78.0,85.17787173053938,
org.jfree.data.time.DynamicTimeSeriesCollection.ValueSequence.csv,25.0,NaN,18.0,NaN,5.0,NaN,16.0,NaN,
org.jfree.data.time.FixedMillisecond.csv,58.0,75.6555460258869,94.0,96.78461610031921,24.0,24.670535380936258,47.0,48.98755524923714,
org.jfree.data.time.Hour.csv,78.0,82.50610188298214,175.0,188.14826601532906,39.0,43.13219723686165,53.0,55.12908500739002,
org.jfree.data.time.junit.DataTimePackageTests.csv,0.0,NaN,33.0,38.274064569788436,3.0,3.4176023975210295,15.0,15.41760239752103,
org.jfree.data.time.junit.DayTests.csv,0.0,NaN,208.0,235.3139879421638,31.0,35.5811894033562,37.0,40.07821656356652,
org.jfree.data.time.junit.FixedMillisecondTests.csv,0.0,NaN,44.0,49.032696606788974,7.0,7.467521409289711,18.0,18.467521409289724,
org.jfree.data.time.junit.HourTests.csv,0.0,NaN,204.0,227.7140586865576,30.0,33.851440772983764,37.0,40.070112739374956,
org.jfree.data.time.junit.MillisecondTests.csv,0.0,NaN,197.0,226.2027509215062,26.0,30.458984234427177,33.0,36.6878504992996,
org.jfree.data.time.junit.MinuteTests.csv,0.0,NaN,194.0,216.15936125230326,26.0,30.154472690521462,33.0,36.31539078278386,
org.jfree.data.time.junit.MonthTests.csv,90.0,93.38507891703163,227.0,254.25680131175574,33.0,37.316143281859276,37.0,40.42884213357857,
org.jfree.data.time.junit.QuarterTests.csv,90.0,93.3312967607382,245.0,274.7078814396682,36.0,40.88642941579985,38.0,41.4055974071036,
org.jfree.data.time.junit.SecondTests.csv,0.0,NaN,186.0,209.06030241310475,25.0,28.740103329560203,32.0,34.98246650391376,
org.jfree.data.time.junit.SimpleTimePeriodTests.csv,0.0,NaN,104.0,128.70230053453645,11.0,11.88761539486586,22.0,22.88761539486586,
org.jfree.data.time.junit.TimeSeriesDataItemTests.csv,0.0,NaN,51.0,57.94162379992483,7.0,NaN,18.0,NaN,
org.jfree.data.time.junit.TimeSeriesTests.csv,90.0,96.72918081786402,534.0,644.5094123386226,52.0,60.18946573104804,38.0,42.41423494490048,
org.jfree.data.time.junit.WeekTests.csv,90.0,98.38494312967441,291.0,334.624676096662,31.0,37.58759532275556,38.0,43.56565971055787,
org.jfree.data.time.junit.YearTests.csv,0.0,NaN,223.0,243.31498634511033,33.0,36.98487579323273,37.0,40.16944522710448,
org.jfree.data.time.Millisecond.csv,75.0,81.8846575341734,161.0,173.76898639470105,35.0,36.428580354734414,48.0,50.805498113177926,
org.jfree.data.time.Minute.csv,78.0,84.52555863795183,188.0,215.13110004099482,38.0,44.11915176311681,51.0,55.14558065126604,
org.jfree.data.time.Month.csv,74.0,84.03199845130943,215.0,218.045859969346,46.0,45.543729877251394,54.0,55.655439280775305,
org.jfree.data.time.Quarter.csv,79.0,80.70266735014205,174.0,177.44547037875208,35.0,35.182999050413244,52.0,53.49422881488205,
org.jfree.data.time.RegularTimePeriod.csv,100.0,102.81499456743653,86.0,109.19969588978002,26.0,31.406593603799596,30.0,31.320061189482125,
org.jfree.data.time.Second.csv,75.0,80.76814016609535,177.0,192.4717562450031,38.0,41.03062738027335,49.0,52.02347832334604,
org.jfree.data.time.SimpleTimePeriod.csv,70.0,80.50668477725539,83.0,105.9787919277203,20.0,25.063109990542205,21.0,21.545323957290645,
org.jfree.data.time.TimePeriod.csv,0.0,NaN,4.0,NaN,2.0,NaN,3.0,3.458089942837064,
org.jfree.data.time.TimePeriodAnchor.csv,72.0,68.6537998269717,44.0,52.91431914538509,11.0,13.613277058959008,17.0,18.045310823583602,
org.jfree.data.time.TimePeriodFormatException.csv,0.0,NaN,5.0,NaN,1.0,NaN,53.0,NaN,
org.jfree.data.time.TimePeriodValue.csv,66.0,68.12618886636554,61.0,62.10815370191117,19.0,22.93491680825374,21.0,21.19813029714662,
org.jfree.data.time.TimePeriodValues.csv,87.0,86.68566026093505,245.0,281.4656588992981,55.0,63.851511712104625,59.0,62.780383470352525,
org.jfree.data.time.TimePeriodValuesCollection.csv,77.0,76.26699925460312,195.0,207.1800427793212,46.0,48.47746039647018,60.0,64.52099704784136,
org.jfree.data.time.TimeSeries.csv,88.0,86.91806774865975,460.0,504.1901286218803,108.0,120.48991139259017,76.0,80.31388052253476,
org.jfree.data.time.TimeSeriesCollection.csv,80.0,78.7801379920553,249.0,278.6702036463188,64.0,72.14196831331034,70.0,75.89607981090327,
org.jfree.data.time.TimeSeriesDataItem.csv,66.0,70.75236538217794,77.0,86.3692622741487,22.0,27.765236031232444,21.0,21.65136385393535,
org.jfree.data.time.Week.csv,77.0,81.47863745178748,273.0,278.8189265600562,56.0,58.89835247636397,55.0,57.290245958640604,
org.jfree.data.time.Year.csv,82.0,99.9901407817581,121.0,124.08439157168915,28.0,27.918222844593558,49.0,50.466315618764945,
org.jfree.data.Value.csv,0.0,NaN,3.0,NaN,1.0,NaN,1.0,NaN,
org.jfree.data.Values.csv,0.0,NaN,4.0,NaN,2.0,NaN,2.0,NaN,
org.jfree.data.Values2D.csv,0.0,NaN,5.0,NaN,3.0,NaN,3.0,NaN,
org.jfree.data.xml.CategoryDatasetHandler.csv,19.0,NaN,40.0,NaN,9.0,NaN,40.0,NaN,
org.jfree.data.xml.CategorySeriesHandler.csv,46.0,NaN,50.0,51.23219928573231,9.0,NaN,34.0,NaN,
org.jfree.data.xml.DatasetReader.csv,0.0,NaN,48.0,49.59097149595661,8.0,NaN,16.0,NaN,
org.jfree.data.xml.DatasetTags.csv,0.0,NaN,8.0,NaN,0.0,NaN,0.0,NaN,
org.jfree.data.xml.ItemHandler.csv,53.0,54.2301470189007,56.0,57.738745226197686,11.0,11.376610997703697,36.0,36.37661099770369,
org.jfree.data.xml.KeyHandler.csv,55.0,51.24977600457979,46.0,45.42140452505625,9.0,NaN,35.0,NaN,
org.jfree.data.xml.PieDatasetHandler.csv,19.0,NaN,37.0,NaN,9.0,NaN,40.0,NaN,
org.jfree.data.xml.RootHandler.csv,16.0,NaN,34.0,34.46564658348962,10.0,NaN,35.0,NaN,
org.jfree.data.xml.ValueHandler.csv,50.0,NaN,53.0,59.026598332286945,11.0,12.3392440738416,35.0,NaN,
